Incident_Title,Incident_Count
Memory Free % < 40.0 for at least 2 minutes on 'EC2AMAZ-6E7B940',81
"ALARM: ""CPU Utilization on reservations-dev-001 > 5%"" in US East (Ohio)",64
webserver07 violated httpd process not running,16
Long history length in xdb (possible stuck transaction),16
CPU % > 20.0 for at least 2 minutes on 'EC2AMAZ-6E7B940',26
Packet loss for WIN-E6MCTJQR9KL has risen above 40% to 77%,10
(Eddie Test) StatusPage Monitor: [Investigating] Unable to rank issues by drag and drop in backlog on source:statuspage,2
(Eddie Test) StatusPage Monitor: [Identified] Unable to rank issues by drag and drop in backlog on source:statuspage,2
(Eddie Test) StatusPage Monitor: [Resolved] Unable to rank issues by drag and drop in backlog on source:statuspage,2
(Eddie Test) StatusPage Monitor: [Recovered on {source:statuspage}] (Eddie Test) StatusPage Monitor: ,2
(Eddie Test) StatusPage Monitor: [Investigating] Partial outage in Confluence Search on source:statuspage,1
Confluence Incident - Partial outage in Confluence Search - 30 May 2023,1
(Eddie Test) StatusPage Monitor: [Monitoring] Unable to rank issues by drag and drop in backlog on source:statuspage,1
(Eddie Test) StatusPage Monitor: [Resolved] Partial outage in Confluence Search on source:statuspage,1
Confluence Incident - Degraded page creation/editing experience - 31 May 2023,1
(Eddie Test) StatusPage Monitor: [Investigating] Degraded page creation/editing experience on source:statuspage,2
(Eddie Test) StatusPage Monitor: [Monitoring] Degraded page creation/editing experience on source:statuspage,1
(Eddie Test) StatusPage Monitor: [Resolved] Degraded page creation/editing experience on source:statuspage,1
(Eddie Test) StatusPage Monitor: [Investigating] Issues with User Search for some APAC users on source:statuspage,1
(Eddie Test) StatusPage Monitor: [Resolved] Issues with User Search for some APAC users on source:statuspage,1
(Eddie Test) StatusPage Monitor: [Investigating] Investigating a Potential Issue on source:statuspage,4
(Eddie Test) StatusPage Monitor: [Identified] Investigating a Potential Issue on source:statuspage,8
(Eddie Test) StatusPage Monitor: [Monitoring] Investigating a Potential Issue on source:statuspage,1
(Eddie Test) StatusPage Monitor: [Resolved] Investigating a Potential Issue on source:statuspage,2
(Eddie Test) StatusPage Monitor: [Identified] Boards are not loading for Company-managed projects in jira software on source:statuspage,1
(Eddie Test) StatusPage Monitor: [Resolved] Some pages are not loading for projects in Jira software on source:statuspage,1
(Eddie Test) StatusPage Monitor: [Postmortem] Voice (Phone) notifications delivered without audio for certain users on source:statuspage,1
(Eddie Test) StatusPage Monitor: [Investigating] Jira projects are not being accessible on source:statuspage,3
(Eddie Test) StatusPage Monitor: [Resolved] Jira projects are not being accessible on source:statuspage,1
(Eddie Test) StatusPage Monitor: [Resolved] The EU Service Region experienced intermittent 400 errors when creating inbound integrations via the UI or through the REST API on source:statuspage,1
(Eddie Test) StatusPage Monitor: [Identified] Degraded Notification performance on source:statuspage,2
(Eddie Test) StatusPage Monitor: [Monitoring] Degraded Notification performance on source:statuspage,3
(Eddie Test) StatusPage Monitor: [Resolved] Degraded Notification performance on source:statuspage,1
The server is on fire.,3
(Eddie Test) StatusPage Monitor: [Resolved] Upcoming PagerDuty Status Page Changes on source:statuspage,1
Confluence Incident - Issues with user management and user import - 12 June 2023,1
(Eddie Test) StatusPage Monitor: [Investigating] Issues with user management and user import on source:statuspage,1
(Eddie Test) StatusPage Monitor: [Identified] Issues with user management and user import on source:statuspage,1
(Eddie Test) StatusPage Monitor: [Postmortem] The EU Service Region experienced intermittent 400 errors when creating inbound integrations via the UI or through the REST API on source:statuspage,1
(Eddie Test) StatusPage Monitor: [Monitoring] Issues with user management and user import on source:statuspage,1
(Eddie Test) StatusPage Monitor: [Resolved] Issues with user management and user import on source:statuspage,1
"Confluence Incident - Issues in new product activations, user management and user imports - 13 June 2023",1
"(Eddie Test) StatusPage Monitor: [Identified] Issues in new product activations, user management and user imports on source:statuspage",2
Confluence Incident - Some Marketplace Apps failing to install - 13 June 2023,1
(Eddie Test) StatusPage Monitor: [Investigating] Some Marketplace Apps failing to install on source:statuspage,2
(Eddie Test) StatusPage Monitor: [Postmortem] Degraded Notification performance on source:statuspage,1
"(Eddie Test) StatusPage Monitor: [Monitoring] Issues in new product activations, user management and user imports on source:statuspage",2
"(Eddie Test) StatusPage Monitor: [Triggered on {source:statuspage}] (Eddie Test) StatusPage Monitor: [Monitoring] Issues in new product activations, user management and user imports",1
(Eddie Test) StatusPage Monitor: [Resolved] Some Marketplace Apps failing to install on source:statuspage,1
(Eddie Test) StatusPage Monitor: [Investigating] Automations and rules issue on source:statuspage,1
Confluence Incident - Automations and rules issue - 13 June 2023,1
"(Eddie Test) StatusPage Monitor: [Resolved] Issues in new product activations, user management and user imports on source:statuspage",1
(Eddie Test) StatusPage Monitor: [Identified] Automations and rules issue on source:statuspage,3
(Eddie Test) StatusPage Monitor: [Resolved] Automations and rules issue on source:statuspage,2
Confluence Incident - Confluence partial outage - 14 June 2023,1
(Eddie Test) StatusPage Monitor: [Investigating] Confluence partial outage on source:statuspage,2
(Eddie Test) StatusPage Monitor: [Investigating] Confluence Instability on source:statuspage,1
Confluence Incident - Confluence Instability - 14 June 2023,1
(Eddie Test) StatusPage Monitor: [Resolved] Confluence Instability on source:statuspage,1
"Confluence Incident - Adding a user to Space Permissions(Internal/guest user), the window is not displayed appropriately (misaligned). - 15 June 2023",1
"(Eddie Test) StatusPage Monitor: [Investigating] Adding a user to Space Permissions(Internal/guest user), the window is not displayed appropriately (misaligned). on source:statuspage",1
(Eddie Test) StatusPage Monitor: [Investigating] Customers may receive 403 Access denied -&gt; Access by unmanaged users not allowed on source:statuspage,2
"(Eddie Test) StatusPage Monitor: [Identified] Adding a user to Space Permissions(Internal/guest user), the window is not displayed appropriately (misaligned). on source:statuspage",1
(Eddie Test) StatusPage Monitor: [Resolved] Customers may receive 403 Access denied -&gt; Access by unmanaged users not allowed on source:statuspage,1
"(Eddie Test) StatusPage Monitor: [Resolved] Adding a user to Space Permissions(Internal/guest user), the window is not displayed appropriately (misaligned). on source:statuspage",1
(Eddie Test) StatusPage Monitor: [Resolved] Delays in event processing on source:statuspage,1
Test from SF to PD,1
(Eddie Test) StatusPage Monitor: [Identified] Issue with MS Teams Integration on source:statuspage,1
(Eddie Test) StatusPage Monitor: [Investigating] Issue with MS Teams Integration on source:statuspage,6
(Eddie Test) StatusPage Monitor: [Resolved] Issue with MS Teams Integration on source:statuspage,1
(Eddie Test) StatusPage Monitor: [Investigating] Jira platform failing to send webhook notifications for some events on source:statuspage,3
(Eddie Test) StatusPage Monitor: [Postmortem] Confluence Instability on source:statuspage,1
(Eddie Test) StatusPage Monitor: [Monitoring] Jira platform failing to send webhook notifications for some events on source:statuspage,1
(Eddie Test) StatusPage Monitor: [Resolved] Jira platform failing to send webhook notifications for some events on source:statuspage,1
Critical Escalation to Infrastructure Team,1
(Eddie Test) StatusPage Monitor: [Postmortem] Automations and rules issue on source:statuspage,1